channel_ref,channel_name,source,notes,channel_id
@jacksepticeye,Jacksepticeye,hand_seed,gaming,
@markiplier,Markiplier,hand_seed,gaming,
@VanossGaming,VanossGaming,hand_seed,gaming,
@DanTDM,DanTDM,hand_seed,gaming,
@RTGame,RTGame,hand_seed,gaming,
@dunkey,videogamedunkey,hand_seed,gaming,
@LudwigAhgren,Ludwig,hand_seed,gaming,
@CallMeKevin,CallMeKevin,hand_seed,gaming,
@Kwebbelkop,Kwebbelkop,hand_seed,gaming,
@Aphmau,Aphmau,hand_seed,gaming,
https://www.youtube.com/channel/UCbh4j9kNEDqHPud9h5bNmWQ,Savv4x,search:let's play,,UCbh4j9kNEDqHPud9h5bNmWQ
https://www.youtube.com/channel/UCp_TjaVHcT4Dj0qpj8KOTYA,ZeeKay Junior,search:let's play,,UCp_TjaVHcT4Dj0qpj8KOTYA
https://www.youtube.com/channel/UCI9xZDIcR7Ei-s2g_6ru1sw,Neurotic Goose,search:let's play,,UCI9xZDIcR7Ei-s2g_6ru1sw
https://www.youtube.com/channel/UC6yzV_xgKn8r77FkcmZyMSg,PlayStation Access,search:let's play,,UC6yzV_xgKn8r77FkcmZyMSg
https://www.youtube.com/channel/UC7_THngP20pzk5VRHNKDvtg,Squeezie - Rediffusions,search:let's play,,UC7_THngP20pzk5VRHNKDvtg
https://www.youtube.com/channel/UCkxctb0jr8vwa4Do6c6su0Q,LetsPlay,search:let's play,,UCkxctb0jr8vwa4Do6c6su0Q
https://www.youtube.com/channel/UCcV_JGdn_Aw99JW7J2SRBzA,TheNeoCubest,search:let's play,,UCcV_JGdn_Aw99JW7J2SRBzA
https://www.youtube.com/channel/UC6iyrmtXY7E3QwI-J3PlX-A,Let's Play,search:let's play,,UC6iyrmtXY7E3QwI-J3PlX-A
https://www.youtube.com/channel/UCTAf2cEgvkC72sc_QP8LE5Q,DeeMula OfficialPage,search:let's play,,UCTAf2cEgvkC72sc_QP8LE5Q
https://www.youtube.com/channel/UCm9SZAl03Rev9sFwloCdz1g,Rehaan Records,search:let's play,,UCm9SZAl03Rev9sFwloCdz1g
https://www.youtube.com/channel/UCck4YyykoNPTUmXntpQrZrg,Dallasmed65,search:let's play,,UCck4YyykoNPTUmXntpQrZrg
https://www.youtube.com/channel/UC67SGAcDCxdw4RwwZMgYfLQ,Kelsey Impicciche,search:let's play,,UC67SGAcDCxdw4RwwZMgYfLQ
https://www.youtube.com/channel/UCv6b9j3u-uy2GpxbBvD28wA,sparksby,search:let's play,,UCv6b9j3u-uy2GpxbBvD28wA
https://www.youtube.com/channel/UCtKcVd4QbAJRFq-PIf22u7g,ChipCheezumLPs,search:let's play,,UCtKcVd4QbAJRFq-PIf22u7g
https://www.youtube.com/channel/UCkoovQZX5QP5Z0eI7e9KAxw,Chazington,search:let's play,,UCkoovQZX5QP5Z0eI7e9KAxw
https://www.youtube.com/channel/UCgPF2U5Y1vxDjOnjCkk5VTA,Dabeull,search:let's play,,UCgPF2U5Y1vxDjOnjCkk5VTA
https://www.youtube.com/channel/UCk2vOj0Acaa5YQrDaN29KnQ,Tha Dogg Pound - Topic,search:let's play,,UCk2vOj0Acaa5YQrDaN29KnQ
https://www.youtube.com/channel/UC7OkzBAbCXUVm6mW0aNgIPQ,Dean on Vacation,search:let's play,,UC7OkzBAbCXUVm6mW0aNgIPQ
https://www.youtube.com/channel/UCj2iiYhHjCHlYl9FdRjY1sQ,Sophia & Noelle,search:let's play,,UCj2iiYhHjCHlYl9FdRjY1sQ
https://www.youtube.com/channel/UCzpCc5n9hqiVC7HhPwcIKEg,Good Mythical MORE,search:let's play,,UCzpCc5n9hqiVC7HhPwcIKEg
https://www.youtube.com/channel/UCCzF0ncfBIZu-JVNTORZM-w,Baby Kia,search:let's play,,UCCzF0ncfBIZu-JVNTORZM-w
https://www.youtube.com/channel/UCgK_2VQWwigtTr_5TviGy2w,Play Nintendo,search:let's play,,UCgK_2VQWwigtTr_5TviGy2w
https://www.youtube.com/channel/UCdX39_BP-CO-CxCUIQNMPHQ,Fräulein Bissig,search:let's play,,UCdX39_BP-CO-CxCUIQNMPHQ
https://www.youtube.com/channel/UC7_YxT-KID8kRbqZo7MyscQ,Markiplier,search:let's play,,UC7_YxT-KID8kRbqZo7MyscQ
https://www.youtube.com/channel/UCw6DW3DeJTj9EIHdEG8B4dw,Tom Toce,search:let's play,,UCw6DW3DeJTj9EIHdEG8B4dw
https://www.youtube.com/channel/UCNcdbMyA59zE-Vk668bKWOg,Disney Jr. ,search:let's play,,UCNcdbMyA59zE-Vk668bKWOg
https://www.youtube.com/channel/UCY-iLo3GF_KDoYbfZ0Dqg9Q,Top Gaming Plays,search:funny gaming moments,,UCY-iLo3GF_KDoYbfZ0Dqg9Q
https://www.youtube.com/channel/UCN17Z31n_ionhzAjyV7pmXw,Nano,search:funny gaming moments,,UCN17Z31n_ionhzAjyV7pmXw
https://www.youtube.com/channel/UCt8CdzMEoTie3iix3KmvV7A,GameSprout,search:funny gaming moments,,UCt8CdzMEoTie3iix3KmvV7A
https://www.youtube.com/channel/UC8f80fwHF6nGLal5_1x0Slw,Canooon,search:funny gaming moments,,UC8f80fwHF6nGLal5_1x0Slw
https://www.youtube.com/channel/UCHZZo1h1cI1vg4I9g2RqOUQ,Red Arcade,search:funny gaming moments,,UCHZZo1h1cI1vg4I9g2RqOUQ
https://www.youtube.com/channel/UCCY0PEQgZbhXm6-0WHiHJEw,daukey,search:funny gaming moments,,UCCY0PEQgZbhXm6-0WHiHJEw
https://www.youtube.com/channel/UCBZEL0hguMlvNO-r3iZkd9w,CouRage Reacts,search:funny gaming moments,,UCBZEL0hguMlvNO-r3iZkd9w
https://www.youtube.com/channel/UCCiXhU3iDW6Htb3gI0kkh_A,JuicedSpot,search:funny gaming moments,,UCCiXhU3iDW6Htb3gI0kkh_A
https://www.youtube.com/channel/UCKqH_9mk1waLgBiL2vT5b9g,VanossGaming,search:funny gaming moments,,UCKqH_9mk1waLgBiL2vT5b9g
https://www.youtube.com/channel/UCshoKvlZGZ20rVgazZp5vnQ,CaptainSparklez,search:funny gaming moments,,UCshoKvlZGZ20rVgazZp5vnQ
https://www.youtube.com/channel/UCclLP8ZCc8VXmmQPGRBLdMA,SaneTBD,search:funny gaming moments,,UCclLP8ZCc8VXmmQPGRBLdMA
https://www.youtube.com/channel/UC2xSdm2Cj3HN-Uf6_r90QmQ,Brainrot Rankings,search:funny gaming moments,,UC2xSdm2Cj3HN-Uf6_r90QmQ
https://www.youtube.com/channel/UCzXwjTI6c6mVn6oui_p6oiw,SMii7Y,search:funny gaming moments,,UCzXwjTI6c6mVn6oui_p6oiw
https://www.youtube.com/channel/UCQMjMW-9PhWoH6TWwmnVWvA,CallMeCarson,search:funny gaming moments,,UCQMjMW-9PhWoH6TWwmnVWvA
https://www.youtube.com/channel/UCpkf8GoIjz8LhfdpM6q7C9g,Shinyu Ranking,search:funny gaming moments,,UCpkf8GoIjz8LhfdpM6q7C9g
https://www.youtube.com/channel/UCXQ_4o9suWlKtAUUfqn9I5Q,PUBG TV,search:funny gaming moments,,UCXQ_4o9suWlKtAUUfqn9I5Q
https://www.youtube.com/channel/UCDQZcZZwv-RhxHxJpHCdmbQ,ESL Counter-Strike Highlights,search:gaming highlights,,UCDQZcZZwv-RhxHxJpHCdmbQ
https://www.youtube.com/channel/UC--i2rV5NCxiEIPefr3l-zQ,TSN,search:gaming highlights,,UC--i2rV5NCxiEIPefr3l-zQ
https://www.youtube.com/channel/UC_9W6Z5Y3lDpLk47Y_y5ITQ,Daily Valorant,search:gaming highlights,,UC_9W6Z5Y3lDpLk47Y_y5ITQ
https://www.youtube.com/channel/UCpcTrCXblq78GZrTUTLWeBw,FIFA,search:gaming highlights,,UCpcTrCXblq78GZrTUTLWeBw
https://www.youtube.com/channel/UCA1d3HFGFUmkKr2JIUA5Vlw,VALORANT Champions Tour,search:gaming highlights,,UCA1d3HFGFUmkKr2JIUA5Vlw
https://www.youtube.com/channel/UCGs7jwMxLUDsgMwx8z63UmQ,LikeARoss,search:gaming highlights,,UCGs7jwMxLUDsgMwx8z63UmQ
https://www.youtube.com/channel/UCNh6l4YXwX0QtYKA-CXZDEw,Sahiljat FF7,search:gaming highlights,,UCNh6l4YXwX0QtYKA-CXZDEw
https://www.youtube.com/channel/UC7VWLs_Ivccq22rM2_xo0Rg,PGL DOTA2,search:gaming highlights,,UC7VWLs_Ivccq22rM2_xo0Rg
https://www.youtube.com/channel/UCgaPRP68bbyHnfkPhWWBrNw,PC Gamer,search:gaming highlights,,UCgaPRP68bbyHnfkPhWWBrNw
https://www.youtube.com/channel/UCwlKnVP2b9m2riIqBFrAUfw,Paper Rex,search:gaming highlights,,UCwlKnVP2b9m2riIqBFrAUfw
https://www.youtube.com/channel/UCWJ2lWNubArHWmf3FIHbfcQ,NBA,search:gaming highlights,,UCWJ2lWNubArHWmf3FIHbfcQ
https://www.youtube.com/channel/UCUnl-a9yHKC3Hd6Qqd3QMTw,Wolvinn,search:gaming highlights,,UCUnl-a9yHKC3Hd6Qqd3QMTw
https://www.youtube.com/channel/UC0LrZO9wORIqn_aRJtKdgfA,GAMETIME HIGHLIGHTS,search:gaming highlights,,UC0LrZO9wORIqn_aRJtKdgfA
https://www.youtube.com/channel/UCPhab209KEicqPJFAk9IZEA,Onivia LCK LPL LEC LCS Highlights,search:gaming highlights,,UCPhab209KEicqPJFAk9IZEA
https://www.youtube.com/channel/UCttPiE_XpMtFJ-uppDlm1Sw,ADMINO Gaming,search:gaming highlights,,UCttPiE_XpMtFJ-uppDlm1Sw
https://www.youtube.com/channel/UCEQ7KR9enYdQsB6kcMnw0NA,Mortismal Gaming,search:gaming highlights,,UCEQ7KR9enYdQsB6kcMnw0NA
https://www.youtube.com/channel/UCNaJguAvBzQH4y4Av8jQuRw,Torcida Gamers,search:gaming highlights,,UCNaJguAvBzQH4y4Av8jQuRw
https://www.youtube.com/channel/UCd5hdemikI6GxwGKhJCwzww,Highlight Reel,search:gaming highlights,,UCd5hdemikI6GxwGKhJCwzww
https://www.youtube.com/channel/UCHz48UgsMnPWIr_eug9w7qQ,SPower Gaming,search:gaming highlights,,UCHz48UgsMnPWIr_eug9w7qQ
https://www.youtube.com/channel/UC33-OkQ6VCYk8xtml8Pk4-g,NRL - National Rugby League,search:gaming highlights,,UC33-OkQ6VCYk8xtml8Pk4-g
https://www.youtube.com/channel/UCICiZl0IRinmgAG3cB3psbQ,Aspecticor,search:speedrun,,UCICiZl0IRinmgAG3cB3psbQ
https://www.youtube.com/channel/UCwBh4mBv-QrIynWxCj-8AVw,zenith,search:speedrun,,UCwBh4mBv-QrIynWxCj-8AVw
https://www.youtube.com/channel/UCMv8AQ1djXQ_0FNROhKDJCA,SanOne,search:speedrun,,UCMv8AQ1djXQ_0FNROhKDJCA
https://www.youtube.com/channel/UCQSEAbOs6vsJfy7WN7iYaGQ,EazySpeezy,search:speedrun,,UCQSEAbOs6vsJfy7WN7iYaGQ
https://www.youtube.com/channel/UCAnzaHhB0ONtwDkYdc3MFCw,Linkus7,search:speedrun,,UCAnzaHhB0ONtwDkYdc3MFCw
https://www.youtube.com/channel/UCq6VFHwMzcMXbuKyG7SQYIg,penguinz0,search:speedrun,,UCq6VFHwMzcMXbuKyG7SQYIg
https://www.youtube.com/channel/UCKy1dAqELo0zrOtPkf0eTMw,IGN,search:speedrun,,UCKy1dAqELo0zrOtPkf0eTMw
https://www.youtube.com/channel/UCupOeAF8co65kZ-N6zoVxmw,rekrap1,search:speedrun,,UCupOeAF8co65kZ-N6zoVxmw
https://www.youtube.com/channel/UC1HL3TABt6QGd_P857BH_CA,Evbo,search:speedrun,,UC1HL3TABt6QGd_P857BH_CA
https://www.youtube.com/channel/UCaFpiGti2mWqybtpECeMHMw,Xem,search:speedrun,,UCaFpiGti2mWqybtpECeMHMw
https://www.youtube.com/channel/UCm6GSA5OROHcIBNkXkH53zQ,tomatoanus,search:speedrun,,UCm6GSA5OROHcIBNkXkH53zQ
https://www.youtube.com/channel/UCtUbO6rBht0daVIOGML3c8w,Summoning Salt,search:speedrun,,UCtUbO6rBht0daVIOGML3c8w
https://www.youtube.com/channel/UCiVJZlfcmWMUiXv5oywnDhQ,Wifies,search:speedrun,,UCiVJZlfcmWMUiXv5oywnDhQ
https://www.youtube.com/channel/UC46lGUsrIR98kBKW3vuX7sg,seeker TV,search:speedrun,,UC46lGUsrIR98kBKW3vuX7sg
https://www.youtube.com/channel/UC6I9iYfcBQTCsiGpR3kV1Uw,Abyssoft,search:speedrun,,UC6I9iYfcBQTCsiGpR3kV1Uw
https://www.youtube.com/channel/UC3scOAITY_R7hLU4B7_rONg,Presidents Play,search:speedrun,,UC3scOAITY_R7hLU4B7_rONg
https://www.youtube.com/channel/UCE9UqO3J3G7_WqGJLWNzvjg,Frogarchist,search:speedrun,,UCE9UqO3J3G7_WqGJLWNzvjg
https://www.youtube.com/channel/UC3ltptWa0xfrDweghW94Acg,Karl Jobst,search:speedrun,,UC3ltptWa0xfrDweghW94Acg
https://www.youtube.com/channel/UCvJS1ATO9dcQ0r2u0KJ0PPg,ThaRixer,search:speedrun,,UCvJS1ATO9dcQ0r2u0KJ0PPg
https://www.youtube.com/channel/UCz8omRO257aTkdAfiBYGtbA,WendyJr_,search:speedrun,,UCz8omRO257aTkdAfiBYGtbA
https://www.youtube.com/channel/UCk9RA3G-aVQXvp7-Q4Ac9kQ,ZFG,search:speedrun,,UCk9RA3G-aVQXvp7-Q4Ac9kQ
https://www.youtube.com/channel/UCSRGC3yn3rYHPpMeetbiteg,Fintan0,search:speedrun,,UCSRGC3yn3rYHPpMeetbiteg
https://www.youtube.com/channel/UCbKWv2x9t6u8yZoB3KcPtnw,Alan Becker,search:speedrun,,UCbKWv2x9t6u8yZoB3KcPtnw
https://www.youtube.com/channel/UCbu2SsF-Or3Rsn3NxqODImw,GameSpot,search:game review,,UCbu2SsF-Or3Rsn3NxqODImw
https://www.youtube.com/channel/UCJpdYc5lit139dzwIqyf3Mg,BoardGameBollocks,search:game review,,UCJpdYc5lit139dzwIqyf3Mg
https://www.youtube.com/channel/UCoZQiN0o7f36H7PaW4fVhFw,Retro Game Corps,search:game review,,UCoZQiN0o7f36H7PaW4fVhFw
https://www.youtube.com/channel/UCNvzD7Z-g64bPXxGzaQaa4g,gameranx,search:game review,,UCNvzD7Z-g64bPXxGzaQaa4g
https://www.youtube.com/channel/UCILwgMbCebOqPR_6H_1m8vA,SwitchUp,search:game review,,UCILwgMbCebOqPR_6H_1m8vA
https://www.youtube.com/channel/UCQHX6ViZmPsWiYSFAyS0a3Q,GothamChess,search:game review,,UCQHX6ViZmPsWiYSFAyS0a3Q
https://www.youtube.com/channel/UCZ7AeeVbyslLM_8-nVy2B8Q,Skill Up,search:game review,,UCZ7AeeVbyslLM_8-nVy2B8Q
https://www.youtube.com/channel/UClOGLGPOqlAiLmOvXW5lKbw,MandaloreGaming,search:game review,,UClOGLGPOqlAiLmOvXW5lKbw
https://www.youtube.com/channel/UCfHmyqCntYHQ81ZukNu66rg,Razbuten,search:game review,,UCfHmyqCntYHQ81ZukNu66rg
https://www.youtube.com/channel/UCOkL7q2SeGZeZuj22njMYEA,Caddicarus,search:game review,,UCOkL7q2SeGZeZuj22njMYEA
https://www.youtube.com/channel/UCgmu30HaYVpa6aiKySHCz2w,Just1n,search:game review,,UCgmu30HaYVpa6aiKySHCz2w
https://www.youtube.com/channel/UChl3V2RJ1aQKuzFuZGAYplA,C-Shift,search:game review,,UChl3V2RJ1aQKuzFuZGAYplA
https://www.youtube.com/channel/UCsvn_Po0SmunchJYOWpOxMg,videogamedunkey,search:game review,,UCsvn_Po0SmunchJYOWpOxMg
https://www.youtube.com/channel/UCmjyHBcqxxQjrg0KUN944dQ,The Broken Meeple,search:game review,,UCmjyHBcqxxQjrg0KUN944dQ
https://www.youtube.com/channel/UC8LE61Ru3afJ4ryezPQ2Qpg,ItsIlusion,search:game review,,UC8LE61Ru3afJ4ryezPQ2Qpg
https://www.youtube.com/channel/UCPfyRDmXVUE6HQNwDBAwEXw,Ryan and Bethany Board Game Reviews,search:game review,,UCPfyRDmXVUE6HQNwDBAwEXw
https://www.youtube.com/channel/UCmm3qhYkdW699stV_28TQpw,Scott's Stash,search:game review,,UCmm3qhYkdW699stV_28TQpw
https://www.youtube.com/channel/UCK9_x1DImhU-eolIay5rb2Q,ACG,search:game review,,UCK9_x1DImhU-eolIay5rb2Q
https://www.youtube.com/channel/UCsgv2QHkT2ljEixyulzOnUQ,AngryJoeShow,search:game review,,UCsgv2QHkT2ljEixyulzOnUQ
https://www.youtube.com/channel/UCBdwqWmXhupzV5q8TfD-kNQ,The Critical Gamer,search:game review,,UCBdwqWmXhupzV5q8TfD-kNQ
https://www.youtube.com/channel/UC63anZxfVGHUEmfBAf5w7pw,CaseOh,search:horror game playthrough,,UC63anZxfVGHUEmfBAf5w7pw
https://www.youtube.com/channel/UCoAxtiY4NrFBMdsvYFI_B3A,The Outer Middle Show,search:horror game playthrough,,UCoAxtiY4NrFBMdsvYFI_B3A
https://www.youtube.com/channel/UCRnTaShzupujX46gLPWf5Mw,HGH Horror Games House,search:horror game playthrough,,UCRnTaShzupujX46gLPWf5Mw
https://www.youtube.com/channel/UCmp5y07YIV6i2jPX4x82hVQ,Hollow,search:horror game playthrough,,UCmp5y07YIV6i2jPX4x82hVQ
https://www.youtube.com/channel/UCZfTWLrTkaoZoSx5fkrAPJA,hxsain,search:horror game playthrough,,UCZfTWLrTkaoZoSx5fkrAPJA
https://www.youtube.com/channel/UCVAYy7_zddIx6USjXscV9Vg,Caylus  ,search:horror game playthrough,,UCVAYy7_zddIx6USjXscV9Vg
https://www.youtube.com/channel/UCiYcA0gJzg855iSKMrX3oHg,CoryxKenshin,search:horror game playthrough,,UCiYcA0gJzg855iSKMrX3oHg
https://www.youtube.com/channel/UCZBY6V8Lxmwu8gGRBOyO11w,Kubz Scouts,search:horror game playthrough,,UCZBY6V8Lxmwu8gGRBOyO11w
https://www.youtube.com/channel/UCi72lNhlnW13bq986X7ajjQ,Vote 4 Holt,search:horror game playthrough,,UCi72lNhlnW13bq986X7ajjQ
https://www.youtube.com/channel/UCc14hA1AYljY9djeM9UB8zQ,Equi Dark Horror ,search:horror game playthrough,,UCc14hA1AYljY9djeM9UB8zQ
https://www.youtube.com/channel/UCeBPTBz1oRnsWsUBnKNNKNw,Joe Bart Games,search:horror game playthrough,,UCeBPTBz1oRnsWsUBnKNNKNw
https://www.youtube.com/channel/UC3RYNOKIpKE_2P-5ZapWIYg,KingWoolz Games,search:horror game playthrough,,UC3RYNOKIpKE_2P-5ZapWIYg
https://www.youtube.com/channel/UCpqXJOEqGS-TCnazcHCo0rA,theRadBrad,search:horror game playthrough,,UCpqXJOEqGS-TCnazcHCo0rA
https://www.youtube.com/channel/UCDBCCMlFD-hArPbWv38FINA,Daz Games,search:horror game playthrough,,UCDBCCMlFD-hArPbWv38FINA
https://www.youtube.com/channel/UCAPw1N3BiVWTW6T-I2ReBWg,courtreezy,search:horror game playthrough,,UCAPw1N3BiVWTW6T-I2ReBWg
https://www.youtube.com/channel/UCKv8Rrrdc9oxLJmdHItafLA,ManlyBadassHero,search:horror game playthrough,,UCKv8Rrrdc9oxLJmdHItafLA
https://www.youtube.com/channel/UCBRQg9kB1hCwajeB1iwHs9A,BigGaming64,search:horror game playthrough,,UCBRQg9kB1hCwajeB1iwHs9A
https://www.youtube.com/channel/UCijMyqnCWgtIUKamfPMvLng,HeyyVance,search:horror game playthrough,,UCijMyqnCWgtIUKamfPMvLng
https://www.youtube.com/channel/UCel2B-6wZhvQHRAKXmpm1Ew,special edd,search:horror game playthrough,,UCel2B-6wZhvQHRAKXmpm1Ew
https://www.youtube.com/channel/UCIH0E-zQ3-HzYDChlpafRsQ,Vanillamace,search:horror game playthrough,,UCIH0E-zQ3-HzYDChlpafRsQ
https://www.youtube.com/channel/UC7TIkH-0TzhP1EmSD9QN3xw,Fooster,search:horror game playthrough,,UC7TIkH-0TzhP1EmSD9QN3xw
https://www.youtube.com/channel/UC_vGBpNowkD7kwhbnqLw-9w,Blockdown,search:minecraft let's play,,UC_vGBpNowkD7kwhbnqLw-9w
https://www.youtube.com/channel/UCKOBnQjE87wX3vnH8qWvVXA,motherose,search:minecraft let's play,,UCKOBnQjE87wX3vnH8qWvVXA
https://www.youtube.com/channel/UCKtNUU-IsMgwU7QU2wOm8mA,disruptive builds,search:minecraft let's play,,UCKtNUU-IsMgwU7QU2wOm8mA
https://www.youtube.com/channel/UCudse9Ebf4A91pdT7lT_Z0Q,JWhisp,search:minecraft let's play,,UCudse9Ebf4A91pdT7lT_Z0Q
https://www.youtube.com/channel/UCdcHELOqCTAXI6ddxcLlb7g,Beanin,search:minecraft let's play,,UCdcHELOqCTAXI6ddxcLlb7g
https://www.youtube.com/channel/UCH_y9b1Giqv5KbKqQ_XkAKg,Tootsie,search:minecraft let's play,,UCH_y9b1Giqv5KbKqQ_XkAKg
https://www.youtube.com/channel/UCzTlXb7ivVzuFlugVCv3Kvg,LDShadowLady,search:minecraft let's play,,UCzTlXb7ivVzuFlugVCv3Kvg
https://www.youtube.com/channel/UCIVSqoHCUN1XdEpiVItxfoQ,aCookieGod,search:minecraft let's play,,UCIVSqoHCUN1XdEpiVItxfoQ
https://www.youtube.com/channel/UCS5Oz6CHmeoF7vSad0qqXfw,DanTDM,search:minecraft let's play,,UCS5Oz6CHmeoF7vSad0qqXfw
https://www.youtube.com/channel/UCJLklPT2rmAF33gVyHYH-QQ,ezY,search:minecraft let's play,,UCJLklPT2rmAF33gVyHYH-QQ
https://www.youtube.com/channel/UC5ig0ubThGbS1sVlexAQySw,Slushy Noobz,search:minecraft let's play,,UC5ig0ubThGbS1sVlexAQySw
https://www.youtube.com/channel/UCUBsjvdHcwZd3ztdY1Zadcw,GeminiTay,search:minecraft let's play,,UCUBsjvdHcwZd3ztdY1Zadcw
https://www.youtube.com/channel/UCzHu9GB5rCXYihQPqNocJKA,EMazing,search:minecraft let's play,,UCzHu9GB5rCXYihQPqNocJKA
https://www.youtube.com/channel/UCYzPXprvl5Y-Sf0g4vX-m6g,jacksepticeye,search:minecraft let's play,,UCYzPXprvl5Y-Sf0g4vX-m6g
https://www.youtube.com/channel/UCL2XnlScO9KV_el38fDdVYA,WiredLP,search:minecraft let's play,,UCL2XnlScO9KV_el38fDdVYA
https://www.youtube.com/channel/UCq-9jiz3k4LP6F39pZoq8MQ,PythonMC,search:minecraft let's play,,UCq-9jiz3k4LP6F39pZoq8MQ
https://www.youtube.com/channel/UCjPD7OJ-R-e2O_iF_5HBuuw,aluhhsim,search:minecraft let's play,,UCjPD7OJ-R-e2O_iF_5HBuuw
https://www.youtube.com/channel/UCBsYbPE_EjjyqnQwK5TqsSA,Wombaat,search:minecraft let's play,,UCBsYbPE_EjjyqnQwK5TqsSA
https://www.youtube.com/channel/UC4qdHN4zHhd4VvNy3zNgXPA,SmallishBeans,search:minecraft let's play,,UC4qdHN4zHhd4VvNy3zNgXPA
https://www.youtube.com/channel/UCBbRBOG2sZHqEtIAf4iVFDg,Cryptozoology,search:minecraft let's play,,UCBbRBOG2sZHqEtIAf4iVFDg
https://www.youtube.com/channel/UCwyCr_Tatq524nmOjaRRu3g,Kathrine Valentine,search:minecraft let's play,,UCwyCr_Tatq524nmOjaRRu3g
https://www.youtube.com/channel/UC8NtAZiOWxzYXWFudOsQJzA,Schmizzle,search:minecraft let's play,,UC8NtAZiOWxzYXWFudOsQJzA
https://www.youtube.com/channel/UCFKDEp9si4RmHFWJW1vYsMA,EthosLab,search:minecraft let's play,,UCFKDEp9si4RmHFWJW1vYsMA
https://www.youtube.com/channel/UC1ymP-F2E2Cw-V_XUTTBwgQ,Julien Azelart,search:minecraft let's play,,UC1ymP-F2E2Cw-V_XUTTBwgQ
https://www.youtube.com/channel/UCCcRwVLEk-0ouoHIKUjKQqg,LuvstarKei,search:minecraft let's play,,UCCcRwVLEk-0ouoHIKUjKQqg
https://www.youtube.com/channel/UCNMObw2MQ_JL4u82X-c5R4g,fogey,search:minecraft let's play,,UCNMObw2MQ_JL4u82X-c5R4g
https://www.youtube.com/channel/UCa5FQk7WHKxyDHzJnmUhPsQ,CottonVelvet,search:minecraft let's play,,UCa5FQk7WHKxyDHzJnmUhPsQ
https://www.youtube.com/channel/UCEe2aqK4fgDYTOjkZvTvang,KingJoe83,search:fortnite gameplay,,UCEe2aqK4fgDYTOjkZvTvang
https://www.youtube.com/channel/UCMVhcXTY08pqFAtvrD3tpmQ,kleeqo,search:fortnite gameplay,,UCMVhcXTY08pqFAtvrD3tpmQ
https://www.youtube.com/channel/UCPfl7i5W5v2DgT8KZXVHqiQ,MajinFN,search:fortnite gameplay,,UCPfl7i5W5v2DgT8KZXVHqiQ
https://www.youtube.com/channel/UC0Yj9yI1-bo1nAOxvRol77w,Gurama,search:fortnite gameplay,,UC0Yj9yI1-bo1nAOxvRol77w
https://www.youtube.com/channel/UC2Loq2qB-wOLikZfrZ2zKbg,SENSEI,search:fortnite gameplay,,UC2Loq2qB-wOLikZfrZ2zKbg
https://www.youtube.com/channel/UCwd2TLYUPNDbrqaULDwugdA,More Ragequit,search:fortnite gameplay,,UCwd2TLYUPNDbrqaULDwugdA
https://www.youtube.com/channel/UC7StC8wd7oDNXtIfyQp9fNQ,dkay,search:fortnite gameplay,,UC7StC8wd7oDNXtIfyQp9fNQ
https://www.youtube.com/channel/UCqa1oqXTnkdjng7ha1al1VQ,AizAck!,search:fortnite gameplay,,UCqa1oqXTnkdjng7ha1al1VQ
https://www.youtube.com/channel/UC47L4JNYbgtI42zAnKedULg,Ploszy,search:fortnite gameplay,,UC47L4JNYbgtI42zAnKedULg
https://www.youtube.com/channel/UC2urxQ-jP8lUEnuhhWPmXug,KnightPb,search:fortnite gameplay,,UC2urxQ-jP8lUEnuhhWPmXug
https://www.youtube.com/channel/UCTXBTzLtmAYMw-LPuMvu3Dw,Ragequit,search:fortnite gameplay,,UCTXBTzLtmAYMw-LPuMvu3Dw
https://www.youtube.com/channel/UC2tcYI9NNyQl2q7eBA_Wt-w,Gokuxion,search:fortnite gameplay,,UC2tcYI9NNyQl2q7eBA_Wt-w
https://www.youtube.com/channel/UC2BtlqqpK3OCf2laoeF4XJg,UnitedG,search:fortnite gameplay,,UC2BtlqqpK3OCf2laoeF4XJg
https://www.youtube.com/channel/UClG8odDC8TS6Zpqk9CGVQiQ,Fortnite,search:fortnite gameplay,,UClG8odDC8TS6Zpqk9CGVQiQ
https://www.youtube.com/channel/UCo8bcnLyZH8tBIH9V1mLgqQ,TheOdd1sOut,search:fortnite gameplay,,UCo8bcnLyZH8tBIH9V1mLgqQ
https://www.youtube.com/channel/UCrgTEmBuoObZiEXvZ6r3PQg,CouRage,search:fortnite gameplay,,UCrgTEmBuoObZiEXvZ6r3PQg
https://www.youtube.com/channel/UCWdOPHCcns8QcTBP96iBpEg,IknowDuffy,search:fortnite gameplay,,UCWdOPHCcns8QcTBP96iBpEg
https://www.youtube.com/channel/UC-2Y8dQb0S6DtpxNgAKoJKA,PlayStation,search:fortnite gameplay,,UC-2Y8dQb0S6DtpxNgAKoJKA
https://www.youtube.com/channel/UCYn6CZe5UGIyPe9WJb0pTrg,Top5Gaming,search:fortnite gameplay,,UCYn6CZe5UGIyPe9WJb0pTrg
https://www.youtube.com/channel/UCAea1C_i5EL0Bu48FM-N6Qw,Ali-A²,search:fortnite gameplay,,UCAea1C_i5EL0Bu48FM-N6Qw
https://www.youtube.com/channel/UCLCaYspguLCPjk56a_GF4Yg,RGR29,search:gameplay walkthrough,,UCLCaYspguLCPjk56a_GF4Yg
https://www.youtube.com/channel/UC1bwliGvJogr7cWK0nT2Eag,MKIceAndFire,search:gameplay walkthrough,,UC1bwliGvJogr7cWK0nT2Eag
https://www.youtube.com/channel/UCdIsWpiJ5YiDfqX7gwOyFbA,99TH VR,search:gameplay walkthrough,,UCdIsWpiJ5YiDfqX7gwOyFbA
https://www.youtube.com/channel/UC7eAfUjR9gdIjoaoQaS0W-A,Shirrako,search:gameplay walkthrough,,UC7eAfUjR9gdIjoaoQaS0W-A
https://www.youtube.com/channel/UCL_aLy7LiV2n-3utnYTiu5A,CyberByte,search:gameplay walkthrough,,UCL_aLy7LiV2n-3utnYTiu5A
https://www.youtube.com/channel/UCiZVMOinTQGb8HQu53VbV4Q,Gamer's Little Playground,search:gameplay walkthrough,,UCiZVMOinTQGb8HQu53VbV4Q
https://www.youtube.com/channel/UCrCk1nCJWfozwrwt0RRPGDA,BaconRoblox,search:gameplay walkthrough,,UCrCk1nCJWfozwrwt0RRPGDA
https://www.youtube.com/channel/UCzNhowpzT4AwyIW7Unk_B5Q,ZackScottGames,search:gameplay walkthrough,,UCzNhowpzT4AwyIW7Unk_B5Q
https://www.youtube.com/channel/UCYyweh_DV7Xuts_ClAiUu0w,Molo Gameplay,search:gameplay walkthrough,,UCYyweh_DV7Xuts_ClAiUu0w
https://www.youtube.com/channel/UCOgjj358o0M_yAVYwD3YSYw,HarryRoblox,search:gameplay walkthrough,,UCOgjj358o0M_yAVYwD3YSYw
https://www.youtube.com/channel/UCOlvhCZQc3P9WuD7486BVFw,DanQ8000,search:gameplay walkthrough,,UCOlvhCZQc3P9WuD7486BVFw
https://www.youtube.com/channel/UCKid_rihoHp1-KUsznehCeg,DokPlay,search:gameplay walkthrough,,UCKid_rihoHp1-KUsznehCeg
https://www.youtube.com/channel/UCZzRmP5DtlUcn1jst8O4xPA,Roblox Games,search:gameplay walkthrough,,UCZzRmP5DtlUcn1jst8O4xPA
https://www.youtube.com/channel/UCyo4ROy9-8ymQTBWcPA5Fjg,Techzamazing,search:gameplay walkthrough,,UCyo4ROy9-8ymQTBWcPA5Fjg
https://www.youtube.com/channel/UCRU9vwwARx8jEACqNpi_KFA,Champs Network,search:gameplay walkthrough,,UCRU9vwwARx8jEACqNpi_KFA
https://www.youtube.com/channel/UC6CCAJxnr3dJbyUQ6YlHsKg,Jerry Play,search:gameplay walkthrough,,UC6CCAJxnr3dJbyUQ6YlHsKg
https://www.youtube.com/channel/UCns4T9U8VSIRovKa1a_r7rA,GameRiot,search:gameplay walkthrough,,UCns4T9U8VSIRovKa1a_r7rA
https://www.youtube.com/channel/UCMlOCTxLkD7e3GFVhHUelHw,Android Gameplay KL,search:gameplay walkthrough,,UCMlOCTxLkD7e3GFVhHUelHw
https://www.youtube.com/channel/UCVIXnrOpE-U9l_NSbqnTEag,Zoddronite,search:gameplay walkthrough,,UCVIXnrOpE-U9l_NSbqnTEag
https://www.youtube.com/channel/UCKThXzHZ351-auVmUFWT36Q,Ben-Gun,search:gameplay walkthrough,,UCKThXzHZ351-auVmUFWT36Q
https://www.youtube.com/channel/UCkjjyaEL-aFYEud-R3_HAGQ,Danvacraft,search:gameplay walkthrough,,UCkjjyaEL-aFYEud-R3_HAGQ
https://www.youtube.com/channel/UCg_j7kndWLFZEg4yCqUWPCA,packattack04082,search:gameplay walkthrough,,UCg_j7kndWLFZEg4yCqUWPCA
https://www.youtube.com/channel/UCZU03wNQEGmDkGcNN-BT2Ng,BeardBear,search:gameplay walkthrough,,UCZU03wNQEGmDkGcNN-BT2Ng
https://www.youtube.com/channel/UCOE9y4Je3CiNDEI4jaiWKYw,HorrorJackStar,search:gameplay walkthrough,,UCOE9y4Je3CiNDEI4jaiWKYw
https://www.youtube.com/channel/UCLFzEsz090tZm9XzyGj-3zw,Zishu,search:gaming montage,,UCLFzEsz090tZm9XzyGj-3zw
https://www.youtube.com/channel/UCMU3AnPvj-H_P3acSasLplQ,Scope,search:gaming montage,,UCMU3AnPvj-H_P3acSasLplQ
https://www.youtube.com/channel/UCku-D8Wh6aaFdj4xMvjaE3w,Kaiser,search:gaming montage,,UCku-D8Wh6aaFdj4xMvjaE3w
https://www.youtube.com/channel/UCEoih6XHNGmLgQesKHxAOlw,Wizzy Bang,search:gaming montage,,UCEoih6XHNGmLgQesKHxAOlw
https://www.youtube.com/channel/UClbf3kWcT1KGn-WnKPwq7vQ,finzar,search:gaming montage,,UClbf3kWcT1KGn-WnKPwq7vQ
https://www.youtube.com/channel/UCzoJd2zxK2Aa257Kv-AXytA,Thibi,search:gaming montage,,UCzoJd2zxK2Aa257Kv-AXytA
https://www.youtube.com/channel/UC-lHJZR3Gqxm24_Vd_AJ5Yw,PewDiePie,search:gaming montage,,UC-lHJZR3Gqxm24_Vd_AJ5Yw
https://www.youtube.com/channel/UCeKTMtEJyl9UpiD6I_Ak73A,iNOREPLY - AWESOME UPCOMING GAMES,search:gaming montage,,UCeKTMtEJyl9UpiD6I_Ak73A
https://www.youtube.com/channel/UCBnSIolzKHchMtU-_o-hntQ,Bo Time Gaming,search:gaming montage,,UCBnSIolzKHchMtU-_o-hntQ
https://www.youtube.com/channel/UCEe076nFuVobN0bAsXK7ICw,speedyw03,search:gaming montage,,UCEe076nFuVobN0bAsXK7ICw
https://www.youtube.com/channel/UCCrAFGWK-ObS59zckd4Xpjg,Popalinski,search:gaming montage,,UCCrAFGWK-ObS59zckd4Xpjg
https://www.youtube.com/channel/UCrOi41hRLZgk-6ey2zWG-IA,jatupto,search:gaming montage,,UCrOi41hRLZgk-6ey2zWG-IA
https://www.youtube.com/channel/UC3vwozOL898ErykpuDsm44w,JamFam,search:gaming montage,,UC3vwozOL898ErykpuDsm44w
https://www.youtube.com/channel/UCpcth_0yHAq2H6Ri_F4NsRA,Akira Gaming,search:gaming montage,,UCpcth_0yHAq2H6Ri_F4NsRA
https://www.youtube.com/channel/UCiufyZv8iRPTafTw0D4CvnQ,Neebs Gaming,search:gaming montage,,UCiufyZv8iRPTafTw0D4CvnQ
https://www.youtube.com/channel/UCAmGZ2e1TbBSWp9ua0wffmg,Joshyy,search:gaming montage,,UCAmGZ2e1TbBSWp9ua0wffmg
https://www.youtube.com/channel/UC_R4sY5CVXByEhCaouoIwHg,Lof,search:gaming montage,,UC_R4sY5CVXByEhCaouoIwHg
https://www.youtube.com/channel/UCzlc93U8TdDep9A8ZIBxyhg,tenty,search:gaming montage,,UCzlc93U8TdDep9A8ZIBxyhg
https://www.youtube.com/channel/UCCH2WFjXe2_wzPPbncIveMg,Wan Qiu Gaming,search:gaming montage,,UCCH2WFjXe2_wzPPbncIveMg
https://www.youtube.com/channel/UCnJLgCf3e9n1fn9BvOFUavw,KemO,search:gaming montage,,UCnJLgCf3e9n1fn9BvOFUavw
https://www.youtube.com/channel/UCOE1TaiE7aYeZJxT67gBwzA,Rendy Gaming,search:gaming montage,,UCOE1TaiE7aYeZJxT67gBwzA
https://www.youtube.com/channel/UCr4rRtZvDL68IMBz9eEY3Bw,Premiere Pro Fast Tutorials,search:gaming montage,,UCr4rRtZvDL68IMBz9eEY3Bw
https://www.youtube.com/channel/UCJ4UKzLv-f8hnoQIr8T_d2A,Haste Gaming,search:gaming montage,,UCJ4UKzLv-f8hnoQIr8T_d2A
https://www.youtube.com/channel/UCuhwvTYFvVZjyBVXc9T7CrA,Dan and Phil,search:gaming montage,,UCuhwvTYFvVZjyBVXc9T7CrA
https://www.youtube.com/channel/UClbHcMCUIM43WpYwKdh4Gjw,dark_nuance,search:gaming montage,,UClbHcMCUIM43WpYwKdh4Gjw
https://www.youtube.com/channel/UCQ7eW0wSw5dk51ZOAXz2Neg,Game-Heure,search:gaming montage,,UCQ7eW0wSw5dk51ZOAXz2Neg
https://www.youtube.com/channel/UC3B5Y3y4UQye2nhRrJzfTUw,shrimp dynamics,search:gaming montage,,UC3B5Y3y4UQye2nhRrJzfTUw
https://www.youtube.com/channel/UCVGzZNyjr3WZzqAAlVFWDsw,Siddha Gaming,search:gaming montage,,UCVGzZNyjr3WZzqAAlVFWDsw
https://www.youtube.com/channel/UC6RqO-JsQCharaXWWxKXk0Q,Stanichu,search:gaming montage,,UC6RqO-JsQCharaXWWxKXk0Q
https://www.youtube.com/channel/UCG9CWdqsgCC_xmdXdehnT7Q,SimonHDS90,search:gaming montage,,UCG9CWdqsgCC_xmdXdehnT7Q
https://www.youtube.com/channel/UC0wt13JjKZQYhhqk_Tv4pYQ,marilyn,search:gaming montage,,UC0wt13JjKZQYhhqk_Tv4pYQ
https://www.youtube.com/channel/UCM-ko9RGEg5xvDCSyJu7QhQ,NCH Software,search:gaming montage,,UCM-ko9RGEg5xvDCSyJu7QhQ
https://www.youtube.com/channel/UCSRMAP2X2HMx7XwIMGXZjhA,Moka Devs,search:indie game review,,UCSRMAP2X2HMx7XwIMGXZjhA
https://www.youtube.com/channel/UC2CxEBWZNBMDV5evJvFWkpQ,Gaming In The Wild,search:indie game review,,UC2CxEBWZNBMDV5evJvFWkpQ
https://www.youtube.com/channel/UCnbRKDqX3rnIcKEUnrjJyVw,gamewise,search:indie game review,,UCnbRKDqX3rnIcKEUnrjJyVw
https://www.youtube.com/channel/UCgff8uE4hyw9E3ma0NBdcXw,Manic the Manic Mechanic,search:indie game review,,UCgff8uE4hyw9E3ma0NBdcXw
https://www.youtube.com/channel/UCiwBbXQlljGjKtKhcdMliRA,The Dice Tower,search:indie game review,,UCiwBbXQlljGjKtKhcdMliRA
https://www.youtube.com/channel/UCvYc0Q57Sxah8Nutq2vTjZQ,JGigs,search:indie game review,,UCvYc0Q57Sxah8Nutq2vTjZQ
https://www.youtube.com/channel/UCtEb9vqs8F3qk1lhY8GM-Hw,YourFavoriteSon,search:indie game review,,UCtEb9vqs8F3qk1lhY8GM-Hw
https://www.youtube.com/channel/UCThfOa6K37_VDyPeohUzeag,sleepycore,search:indie game review,,UCThfOa6K37_VDyPeohUzeag
https://www.youtube.com/channel/UCJyjyHhZTXVLKqbS_WCFIFg,Peeb,search:indie game review,,UCJyjyHhZTXVLKqbS_WCFIFg
https://www.youtube.com/channel/UCHmoGHkcqwexTVChL_E5dkw,Veteran Joystick,search:indie game review,,UCHmoGHkcqwexTVChL_E5dkw
https://www.youtube.com/channel/UCrPseYLGpNygVi34QpGNqpA,Ludwig,search:indie game review,,UCrPseYLGpNygVi34QpGNqpA
https://www.youtube.com/channel/UC9fnjeFyEJfCpnQPpmdZe1A,The Gemsbok,search:indie game review,,UC9fnjeFyEJfCpnQPpmdZe1A
https://www.youtube.com/channel/UCj74rJ9Lgl3WTngq675wxKg,Noodle,search:indie game review,,UCj74rJ9Lgl3WTngq675wxKg
https://www.youtube.com/channel/UCFmKR2RZxmWM8lb-Rb1o1pQ,Definitely Bored Oranges,search:indie game review,,UCFmKR2RZxmWM8lb-Rb1o1pQ
https://www.youtube.com/channel/UCmTPhoY-bYX2PKU03IKcKcA,Foekoe,search:indie game review,,UCmTPhoY-bYX2PKU03IKcKcA
https://www.youtube.com/channel/UCt8CJiye87FMbEwt0npPMuQ,Indie Games Hub,search:indie game review,,UCt8CJiye87FMbEwt0npPMuQ
https://www.youtube.com/channel/UC2eEGT06FrWFU6VBnPOR9lg,Girlfriend Reviews,search:indie game review,,UC2eEGT06FrWFU6VBnPOR9lg
https://www.youtube.com/channel/UC_HX1n5iojK-xjy9WxfxXhg,I Dream of Indie Games,search:indie game review,,UC_HX1n5iojK-xjy9WxfxXhg
https://www.youtube.com/channel/UCUhFkQVOGU62Y0p2JbJ6Y4w,Krypto Mac,search:indie game review,,UCUhFkQVOGU62Y0p2JbJ6Y4w
https://www.youtube.com/channel/UCbE3q34lFb85WhbGSXxS68w,Game Thoughts,search:indie game review,,UCbE3q34lFb85WhbGSXxS68w
https://www.youtube.com/channel/UCXOeCt3bFa8-yrLaF22Kk9A,humblemud,search:indie game review,,UCXOeCt3bFa8-yrLaF22Kk9A
https://www.youtube.com/channel/UCjahrwtYG6iD3sH3yHwgG3w,O. and Co. Games,search:indie game review,,UCjahrwtYG6iD3sH3yHwgG3w
https://www.youtube.com/channel/UCi4EqzQ0TBeO0jgkT28zbDw,GeeOfDee,search:indie game review,,UCi4EqzQ0TBeO0jgkT28zbDw
https://www.youtube.com/channel/UCpkmLZ83NKt6FTN4kKUgdyg,yakkocmn,search:indie game review,,UCpkmLZ83NKt6FTN4kKUgdyg
https://www.youtube.com/channel/UCRHXUZ0BxbkU2MYZgsuFgkQ,The Spiffing Brit,search:indie game review,,UCRHXUZ0BxbkU2MYZgsuFgkQ
https://www.youtube.com/channel/UCC-RHF_77zQdKcA75hr5oTQ,FGTeeV,search:roblox gameplay,,UCC-RHF_77zQdKcA75hr5oTQ
https://www.youtube.com/channel/UCCIn-P7RYSoqpidOz6LVs5Q,Melon Sunny World,search:roblox gameplay,,UCCIn-P7RYSoqpidOz6LVs5Q
https://www.youtube.com/channel/UCRkuUgtDAL4XSU5jB40J_wA,Foltyn,search:roblox gameplay,,UCRkuUgtDAL4XSU5jB40J_wA
https://www.youtube.com/channel/UCn4RkjqDN4UE0Uy3y1-K6_w,Laughability,search:roblox gameplay,,UCn4RkjqDN4UE0Uy3y1-K6_w
https://www.youtube.com/channel/UCPfTcQEO4AXygEg2rd4VxZA,Nobzi,search:roblox gameplay,,UCPfTcQEO4AXygEg2rd4VxZA
https://www.youtube.com/channel/UCuAeaANgGAzjitp9KCO-qvg,MeEnyu,search:roblox gameplay,,UCuAeaANgGAzjitp9KCO-qvg
https://www.youtube.com/channel/UCm-X6o81nRsXQTmqpyArkBQ,Flamingo,search:roblox gameplay,,UCm-X6o81nRsXQTmqpyArkBQ
https://www.youtube.com/channel/UC-xlbELlElmSuioJ3hK7EqA,Alaska Violet,search:roblox gameplay,,UC-xlbELlElmSuioJ3hK7EqA
https://www.youtube.com/channel/UC4Qje-LKJ-uTQlinvpixT-A,Rasco,search:roblox gameplay,,UC4Qje-LKJ-uTQlinvpixT-A
https://www.youtube.com/channel/UCJHBJ7F-nAIlMGolm0Hu4vg,Maizen,search:roblox gameplay,,UCJHBJ7F-nAIlMGolm0Hu4vg
https://www.youtube.com/channel/UCY0R0Ck6qK2deVTKkfWJIEA,CashBlox,search:roblox gameplay,,UCY0R0Ck6qK2deVTKkfWJIEA
https://www.youtube.com/channel/UCIngjspmxHrRyxSAfPFaiCg,Solo Niya,search:roblox gameplay,,UCIngjspmxHrRyxSAfPFaiCg
https://www.youtube.com/channel/UCMouS1TkXQRuiuTHojFAGRA,Foltyn Top Videos,search:roblox gameplay,,UCMouS1TkXQRuiuTHojFAGRA
https://www.youtube.com/channel/UCHYA5HNaS5n4idxmP-at8nA,StanRP,search:roblox gameplay,,UCHYA5HNaS5n4idxmP-at8nA
https://www.youtube.com/channel/UCIr-3f3uF3_884veAry6liQ,Folix,search:roblox gameplay,,UCIr-3f3uF3_884veAry6liQ
https://www.youtube.com/channel/UCYNjkgm6mRX3_SSb-7_wi-Q,Baconhair 🥓,search:roblox gameplay,,UCYNjkgm6mRX3_SSb-7_wi-Q
https://www.youtube.com/channel/UCaVDjKULT62MODH_WbR1Ndw,gergoVok,search:roblox gameplay,,UCaVDjKULT62MODH_WbR1Ndw
https://www.youtube.com/channel/UCvCfpQXRXdJdL07pzTIA6Cw,Kai Cenat Live,search:roblox gameplay,,UCvCfpQXRXdJdL07pzTIA6Cw
https://www.youtube.com/channel/UCwZS1nvppN4HEJQPwK-vTCA,Feodoric,search:roblox gameplay,,UCwZS1nvppN4HEJQPwK-vTCA
https://www.youtube.com/channel/UCPSTxWkQP8r389HnyG8faGA,Alpha1,search:roblox gameplay,,UCPSTxWkQP8r389HnyG8faGA
https://www.youtube.com/channel/UCuogyqJfCcueZnEJd15ZtAA,Serazik,search:roblox gameplay,,UCuogyqJfCcueZnEJd15ZtAA
https://www.youtube.com/channel/UCtJqaNF7McbeDB1UJZ_nWJg,HW5567,search:roblox gameplay,,UCtJqaNF7McbeDB1UJZ_nWJg
https://www.youtube.com/channel/UCoUraQ7UWOmpMKzjIbC9sxg,Emily Gaming Channel,search:roblox gameplay,,UCoUraQ7UWOmpMKzjIbC9sxg
https://www.youtube.com/channel/UCAy3SbSn9988JS8KCQreF9A,Cutie The Bunny,search:roblox gameplay,,UCAy3SbSn9988JS8KCQreF9A
https://www.youtube.com/channel/UCsPMNatXCwqyUuJilBT73jg,CaylusBlox,search:roblox gameplay,,UCsPMNatXCwqyUuJilBT73jg
https://www.youtube.com/channel/UCXGgrKt94gR6lmN4aN3mYTg,Austin Evans,search:retro game review,,UCXGgrKt94gR6lmN4aN3mYTg
https://www.youtube.com/channel/UCWebxu_aydtgabPINycILkg,5 Minutes Review,search:retro game review,,UCWebxu_aydtgabPINycILkg
https://www.youtube.com/channel/UCzBzqU8RdW5z_XfPenMnNBw,Jake Does Stuff,search:retro game review,,UCzBzqU8RdW5z_XfPenMnNBw
https://www.youtube.com/channel/UCgRaK4A7yi4ZELCLUjdP_pg,TechDweeb,search:retro game review,,UCgRaK4A7yi4ZELCLUjdP_pg
https://www.youtube.com/channel/UCT3NxSGLPS_YPQy0eb0zOXA,Carl's Review Lab,search:retro game review,,UCT3NxSGLPS_YPQy0eb0zOXA
https://www.youtube.com/channel/UCeZ4RFqVVdDdFuqWJrRI6GQ,OGDuffy - Retro Gamer +VLOGGER,search:retro game review,,UCeZ4RFqVVdDdFuqWJrRI6GQ
https://www.youtube.com/channel/UCvktOmcedeCvbw950wJ2hxg,Analog Den,search:retro game review,,UCvktOmcedeCvbw950wJ2hxg
https://www.youtube.com/channel/UCNuFWux1U7ddWpUcgwBqq5w,Retrovania,search:retro game review,,UCNuFWux1U7ddWpUcgwBqq5w
https://www.youtube.com/channel/UCG-Zpbf2rq6yAqlKJs5sHPA,Toolsdoctor,search:retro game review,,UCG-Zpbf2rq6yAqlKJs5sHPA
https://www.youtube.com/channel/UCRAKuiPBFINgRG5hetEz40g,Dan Does Nostalgia ,search:retro game review,,UCRAKuiPBFINgRG5hetEz40g
https://www.youtube.com/channel/UCOtu1sazvovMyHckpODwhZw,Dr Brute,search:retro game review,,UCOtu1sazvovMyHckpODwhZw
https://www.youtube.com/channel/UCERAPMuOxhqOg6WqIDR1G2w,Scamadviser,search:retro game review,,UCERAPMuOxhqOg6WqIDR1G2w
https://www.youtube.com/channel/UCA5RGaQc-a8tIX_AqTTmWdw,RGT 85,search:retro game review,,UCA5RGaQc-a8tIX_AqTTmWdw
https://www.youtube.com/channel/UC9kAFLmHFdg_m-Q3JsGxVNQ,Find the Top 5,search:retro game review,,UC9kAFLmHFdg_m-Q3JsGxVNQ
https://www.youtube.com/channel/UC2EraglPs-95qnKVrFq4kMA,Chase Brogan,search:retro game review,,UC2EraglPs-95qnKVrFq4kMA
https://www.youtube.com/channel/UC1DVIEmLpIuqeVHGSBMlARA,TOP 5 LIST,search:retro game review,,UC1DVIEmLpIuqeVHGSBMlARA
https://www.youtube.com/channel/UC0oMYbkaO_bFN4Fh4J0LpYg,Madlittlepixel,search:retro game review,,UC0oMYbkaO_bFN4Fh4J0LpYg
https://www.youtube.com/channel/UCW_xNvhN7WTlFYZtuWRMIlQ,Dan Does Game,search:retro game review,,UCW_xNvhN7WTlFYZtuWRMIlQ
https://www.youtube.com/channel/UCXuqSBlHAE6Xw-yeJA0Tunw,Linus Tech Tips,search:retro game review,,UCXuqSBlHAE6Xw-yeJA0Tunw
https://www.youtube.com/channel/UC6J9CFTy_7hKHx3YIOhMqdw,Bo Knows Gaming,search:retro game review,,UC6J9CFTy_7hKHx3YIOhMqdw
https://www.youtube.com/channel/UCqrZaxjH8bXiyBBHHzcB8BQ,In The Tech Room,search:retro game review,,UCqrZaxjH8bXiyBBHHzcB8BQ
https://www.youtube.com/channel/UCTK4l10G77oDhOjIaxS3vcQ,BOSSFIGHT,search:boss fight,,UCTK4l10G77oDhOjIaxS3vcQ
https://www.youtube.com/channel/UCNrgxgOGCEJbuFB5id4KMAQ,7th Beat Games,search:boss fight,,UCNrgxgOGCEJbuFB5id4KMAQ
https://www.youtube.com/channel/UCcRxQyJ7UFKem6buUxF6z9w,MoxieRhythm,search:boss fight,,UCcRxQyJ7UFKem6buUxF6z9w
https://www.youtube.com/channel/UCHCph-_jLba_9atyCZJPLQQ,How It Should Have Ended,search:boss fight,,UCHCph-_jLba_9atyCZJPLQQ
https://www.youtube.com/channel/UCDb4rggkt81qkjzJKGF0oDg,Mod Server,search:boss fight,,UCDb4rggkt81qkjzJKGF0oDg
https://www.youtube.com/channel/UC-2wnBgTMRwgwkAkHq4V2rg,ProsafiaGaming,search:boss fight,,UC-2wnBgTMRwgwkAkHq4V2rg
https://www.youtube.com/channel/UCWIfzAYHyNSyHmT2AO-54yg,pwnisher,search:boss fight,,UCWIfzAYHyNSyHmT2AO-54yg
https://www.youtube.com/channel/UCbTR77F266JWBCuqGDr8YOg,Galaxia Shadow,search:boss fight,,UCbTR77F266JWBCuqGDr8YOg
https://www.youtube.com/channel/UCJfxkIPbjM4xBHZXe0nW5Bg,illuzions Ghost,search:boss fight,,UCJfxkIPbjM4xBHZXe0nW5Bg
https://www.youtube.com/channel/UCy-qqYeBD6CEeGXScYJpy9Q,Tok Tok Family,search:boss fight,,UCy-qqYeBD6CEeGXScYJpy9Q
https://www.youtube.com/channel/UCgoUMIo1HJNKo9_HyiLEFgw,chrisyqn,search:boss fight,,UCgoUMIo1HJNKo9_HyiLEFgw
https://www.youtube.com/channel/UCfWN9ZHRx0xsmA6PVGl2r5Q,Krisz,search:boss fight,,UCfWN9ZHRx0xsmA6PVGl2r5Q
https://www.youtube.com/channel/UCyT_Tz_ePjJ-QeZAH_57ZzA,Helios Whitestar,search:boss fight,,UCyT_Tz_ePjJ-QeZAH_57ZzA
https://www.youtube.com/channel/UCkyRXzzqd2DQVRu4xnc0GnA,KAYE,search:boss fight,,UCkyRXzzqd2DQVRu4xnc0GnA
https://www.youtube.com/channel/UCxAV_IrcapJEHCyufrH0LuQ,Crano,search:boss fight,,UCxAV_IrcapJEHCyufrH0LuQ
https://www.youtube.com/channel/UCNdLawyxsey-6eQIn7XrFEg,ShadowMix Gamer,search:boss fight,,UCNdLawyxsey-6eQIn7XrFEg
https://www.youtube.com/channel/UC3FFa8d6mlHGXUIMieKnjVw,Wallay ,search:boss fight,,UC3FFa8d6mlHGXUIMieKnjVw
https://www.youtube.com/channel/UCzlUw75H5ILJ2l_ackxyI6A,More Techy,search:boss fight,,UCzlUw75H5ILJ2l_ackxyI6A
https://www.youtube.com/channel/UCnanWSleEd5A3xRTu5SToZA,Aishok,search:boss fight,,UCnanWSleEd5A3xRTu5SToZA
https://www.youtube.com/channel/UCfBkzAvx7_fEiJ2rfChydYQ,Sirloin,search:boss fight,,UCfBkzAvx7_fEiJ2rfChydYQ
https://www.youtube.com/channel/UCxhC6ALtyS6Xs0gZCPYAZPA,Wubby Clips,search:boss fight,,UCxhC6ALtyS6Xs0gZCPYAZPA
https://www.youtube.com/channel/UCrYrcFGGs_nke1MggS8Jvqg,Karl,search:boss fight,,UCrYrcFGGs_nke1MggS8Jvqg
https://www.youtube.com/channel/UCfa7lZOk4iQPFSafsCbh9Zg,Mr Chhay,search:boss fight,,UCfa7lZOk4iQPFSafsCbh9Zg
https://www.youtube.com/channel/UCKzPYt5wDgZdRCWCNRhA-SQ,Sea Maggie,search:boss fight,,UCKzPYt5wDgZdRCWCNRhA-SQ
https://www.youtube.com/channel/UCk20sKBMbbHbuZsnj1UTt-Q,Wordee ,search:boss fight,,UCk20sKBMbbHbuZsnj1UTt-Q
https://www.youtube.com/channel/UCxoXTZdivJ5zLmN3XC7g8RQ,Geração Power Up,search:boss fight,,UCxoXTZdivJ5zLmN3XC7g8RQ
https://www.youtube.com/channel/UCNHnuW2Vkm5ootHX00aYNkg,Game_track,search:boss fight,,UCNHnuW2Vkm5ootHX00aYNkg
https://www.youtube.com/channel/UCsmKfIFK7NTXIRv9hFOE3mQ,Ztarman3,search:boss fight,,UCsmKfIFK7NTXIRv9hFOE3mQ
https://www.youtube.com/channel/UCJlSUm2S_HbO4_8_qfQI5eA,Enchanted Hive,search:boss fight,,UCJlSUm2S_HbO4_8_qfQI5eA
https://www.youtube.com/channel/UCecSuYMsSH8aJSSzfDwfQow,gerg,search:boss fight,,UCecSuYMsSH8aJSSzfDwfQow
https://www.youtube.com/channel/UC0cESIuMDe-A4G8Ya7Br_Ew,YcreatorGoal,search:boss fight,,UC0cESIuMDe-A4G8Ya7Br_Ew
https://www.youtube.com/channel/UCx42Tf2I20aGb3U_OpkTaEg,ELEKTRNIK,search:boss fight,,UCx42Tf2I20aGb3U_OpkTaEg
